amc_name,aaum_total,aaum_fof_domestic,period_label,fy_label,quarter_id,market_share_pct,scale_tier,peer_rank,tier_percentile,qoq_growth_pct,yoy_growth_pct,market_share_change_bps,peer_rank_change,tier_changed,tier_change_direction,top5_concentration_pct,top10_concentration_pct
360 ONE Mutual Fund,1034272.55,0.0,April - June 2024,April 2024 - March 2025,2024-Q1,0.18,Emerging,6,76.19,,,,,False,,56.13,77.88
360 ONE Mutual Fund,1178380.21,0.0,July - September 2024,April 2024 - March 2025,2024-Q2,0.18,Emerging,6,76.19,13.93,,0.25,0,False,,56.14,77.47
360 ONE Mutual Fund,1180518.98,0.0,October - December 2024,April 2024 - March 2025,2024-Q3,0.17,Emerging,7,71.43,0.18,,-0.59,-1,False,,55.88,77.0
360 ONE Mutual Fund,1134200.32,0.0,January - March 2025,April 2024 - March 2025,2024-Q4,0.17,Emerging,8,69.57,-3.92,,-0.38,-1,False,,55.86,76.89
360 ONE Mutual Fund,1198031.91,0.0,April - June 2025,April 2025 - March 2026,2025-Q1,0.17,Emerging,8,69.57,5.63,15.83,-0.21,0,False,,56.07,76.81
360 ONE Mutual Fund,1295984.5,0.0,July - September 2025,April 2025 - March 2026,2025-Q2,0.17,Emerging,8,72.0,8.18,9.98,0.19,0,False,,55.85,76.37
360 ONE Mutual Fund,1343364.47,0.0,October - December 2025,April 2025 - March 2026,2025-Q3,0.17,Emerging,9,71.43,3.66,13.79,-0.22,-1,False,,55.85,76.16
360 ONE Mutual Fund,1319387.87,0.0,January - March 2026,April 2025 - March 2026,2025-Q4,0.16,Emerging,10,67.86,-1.78,16.33,-0.4,-1,False,,56.23,76.31
360 ONE Mutual Fund,1305346.88,0.0,April - June 2026,April 2026 - March 2027,2026-Q1,0.16,Emerging,10,67.86,-1.06,8.96,-0.48,0,False,,55.91,75.73
Abakkus Mutual Fund,9106.42,0.0,October - December 2025,April 2025 - March 2026,2025-Q3,0.0,Emerging,27,7.14,,,,,False,,55.85,76.16
Abakkus Mutual Fund,312947.19,0.0,January - March 2026,April 2025 - March 2026,2025-Q4,0.04,Emerging,18,39.29,3336.56,,3.73,9,False,,56.23,76.31
Abakkus Mutual Fund,557987.08,0.0,April - June 2026,April 2026 - March 2027,2026-Q1,0.07,Emerging,15,50.0,78.3,,2.87,3,False,,55.91,75.73
Aditya Birla Sun Life Mutual Fund,35254223.72,97515.97,April - June 2024,April 2024 - March 2025,2024-Q1,5.98,Large,6,37.5,,,,,False,,56.13,77.88
Aditya Birla Sun Life Mutual Fund,38330857.58,101831.27,July - September 2024,April 2024 - March 2025,2024-Q2,5.79,Large,6,37.5,8.73,,-19.07,0,False,,56.14,77.47
Aditya Birla Sun Life Mutual Fund,38391111.04,108882.88,October - December 2024,April 2024 - March 2025,2024-Q3,5.59,Large,6,37.5,0.16,,-19.31,0,False,,55.88,77.0
Aditya Birla Sun Life Mutual Fund,38172365.12,116598.1,January - March 2025,April 2024 - March 2025,2024-Q4,5.66,Large,6,37.5,-0.57,,6.67,0,False,,55.86,76.89
Aditya Birla Sun Life Mutual Fund,40347884.0,178791.85,April - June 2025,April 2025 - March 2026,2025-Q1,5.59,Large,6,37.5,5.7,14.45,-6.85,0,False,,56.07,76.81
Aditya Birla Sun Life Mutual Fund,42517127.32,289467.11,July - September 2025,April 2025 - March 2026,2025-Q2,5.51,Large,6,37.5,5.38,10.92,-8.17,0,False,,55.85,76.37
Aditya Birla Sun Life Mutual Fund,44323276.43,380531.38,October - December 2025,April 2025 - March 2026,2025-Q3,5.47,Large,6,37.5,4.25,15.45,-4.02,0,False,,55.85,76.16
Aditya Birla Sun Life Mutual Fund,43586595.89,487415.73,January - March 2026,April 2025 - March 2026,2025-Q4,5.35,Large,6,37.5,-1.66,14.18,-12.59,0,False,,56.23,76.31
Aditya Birla Sun Life Mutual Fund,42767521.73,484862.71,April - June 2026,April 2026 - March 2027,2026-Q1,5.14,Large,6,37.5,-1.88,6.0,-20.17,0,False,,55.91,75.73
Angel One Mutual Fund,1884.89,0.0,January - March 2025,April 2024 - March 2025,2024-Q4,0.0,Emerging,23,4.35,,,,,False,,55.86,76.89
Angel One Mutual Fund,19700.33,0.0,April - June 2025,April 2025 - March 2026,2025-Q1,0.0,Emerging,23,4.35,945.17,,0.25,0,False,,56.07,76.81
Angel One Mutual Fund,36059.97,373.16,July - September 2025,April 2025 - March 2026,2025-Q2,0.0,Emerging,24,8.0,83.04,,0.19,-1,False,,55.85,76.37
Angel One Mutual Fund,43857.4,2107.28,October - December 2025,April 2025 - March 2026,2025-Q3,0.01,Emerging,25,14.29,21.62,,0.07,-1,False,,55.85,76.16
Angel One Mutual Fund,41930.73,3257.91,January - March 2026,April 2025 - March 2026,2025-Q4,0.01,Emerging,27,7.14,-4.39,2124.57,-0.03,-2,False,,56.23,76.31
Angel One Mutual Fund,56493.54,4290.11,April - June 2026,April 2026 - March 2027,2026-Q1,0.01,Emerging,27,7.14,34.73,186.76,0.17,0,False,,55.91,75.73
Axis Mutual Fund,29196674.8,101028.09,April - June 2024,April 2024 - March 2025,2024-Q1,4.95,Large,8,12.5,,,,,False,,56.13,77.88
Axis Mutual Fund,31233845.82,104878.28,July - September 2024,April 2024 - March 2025,2024-Q2,4.72,Large,8,12.5,6.98,,-23.51,0,False,,56.14,77.47
Axis Mutual Fund,32609752.89,118064.69,October - December 2024,April 2024 - March 2025,2024-Q3,4.75,Large,8,12.5,4.41,,3.6,0,False,,55.88,77.0
Axis Mutual Fund,32150572.84,135521.0,January - March 2025,April 2024 - March 2025,2024-Q4,4.77,Large,8,12.5,-1.41,,1.61,0,False,,55.86,76.89
Axis Mutual Fund,33560660.74,179196.02,April - June 2025,April 2025 - March 2026,2025-Q1,4.65,Large,8,12.5,4.39,14.95,-11.62,0,False,,56.07,76.81
Axis Mutual Fund,35123788.85,312443.32,July - September 2025,April 2025 - March 2026,2025-Q2,4.55,Large,8,12.5,4.66,12.45,-9.92,0,False,,55.85,76.37
Axis Mutual Fund,36057485.95,517435.56,October - December 2025,April 2025 - March 2026,2025-Q3,4.45,Large,8,12.5,2.66,10.57,-10.21,0,False,,55.85,76.16
Axis Mutual Fund,35960124.78,829925.24,January - March 2026,April 2025 - March 2026,2025-Q4,4.41,Large,8,12.5,-0.27,11.85,-4.09,0,False,,56.23,76.31
Axis Mutual Fund,36903011.92,841496.8,April - June 2026,April 2026 - March 2027,2026-Q1,4.44,Large,8,12.5,2.62,9.96,2.83,0,False,,55.91,75.73
Bajaj Finserv Mutual Fund,1113641.14,0.0,April - June 2024,April 2024 - March 2025,2024-Q1,0.19,Emerging,4,85.71,,,,,False,,56.13,77.88
Bajaj Finserv Mutual Fund,1559267.47,0.0,July - September 2024,April 2024 - March 2025,2024-Q2,0.24,Emerging,4,85.71,40.02,,4.66,0,False,,56.14,77.47
Bajaj Finserv Mutual Fund,1845632.16,0.0,October - December 2024,April 2024 - March 2025,2024-Q3,0.27,Emerging,4,85.71,18.37,,3.35,0,False,,55.88,77.0
Bajaj Finserv Mutual Fund,2013325.84,0.0,January - March 2025,April 2024 - March 2025,2024-Q4,0.3,Emerging,3,91.3,9.09,,2.96,1,False,,55.86,76.89
Bajaj Finserv Mutual Fund,2410952.89,0.0,April - June 2025,April 2025 - March 2026,2025-Q1,0.33,Emerging,3,91.3,19.75,116.49,3.56,0,False,,56.07,76.81
Bajaj Finserv Mutual Fund,2922598.64,0.0,July - September 2025,April 2025 - March 2026,2025-Q2,0.38,Emerging,2,96.0,21.22,87.43,4.46,1,False,,55.85,76.37
Bajaj Finserv Mutual Fund,3211574.77,0.0,October - December 2025,April 2025 - March 2026,2025-Q3,0.4,Emerging,2,96.43,9.89,74.01,1.76,0,False,,55.85,76.16
Bajaj Finserv Mutual Fund,3062656.74,0.0,January - March 2026,April 2025 - March 2026,2025-Q4,0.38,Emerging,3,92.86,-4.64,52.12,-2.08,-1,False,,56.23,76.31
Bajaj Finserv Mutual Fund,3302731.8,0.0,April - June 2026,April 2026 - March 2027,2026-Q1,0.4,Emerging,3,92.86,7.84,36.99,2.16,0,False,,55.91,75.73
Bandhan Mutual Fund,14480458.78,16041.06,April - June 2024,April 2024 - March 2025,2024-Q1,2.46,Mid-sized,4,80.0,,,,,False,,56.13,77.88
Bandhan Mutual Fund,15685322.65,17017.84,July - September 2024,April 2024 - March 2025,2024-Q2,2.37,Mid-sized,4,80.0,8.32,,-8.72,0,False,,56.14,77.47
Bandhan Mutual Fund,16848058.39,16041.23,October - December 2024,April 2024 - March 2025,2024-Q3,2.46,Mid-sized,4,80.0,7.41,,8.68,0,False,,55.88,77.0
Bandhan Mutual Fund,16716634.89,17249.57,January - March 2025,April 2024 - March 2025,2024-Q4,2.48,Mid-sized,4,80.0,-0.78,,2.4,0,False,,55.86,76.89
Bandhan Mutual Fund,17687954.28,49865.12,April - June 2025,April 2025 - March 2026,2025-Q1,2.45,Mid-sized,4,80.0,5.81,22.15,-2.74,0,False,,56.07,76.81
Bandhan Mutual Fund,18637760.06,133851.23,July - September 2025,April 2025 - March 2026,2025-Q2,2.42,Mid-sized,4,80.0,5.37,18.82,-3.59,0,False,,55.85,76.37
Bandhan Mutual Fund,19782386.51,189764.06,October - December 2025,April 2025 - March 2026,2025-Q3,2.44,Mid-sized,4,80.0,6.14,17.42,2.6,0,False,,55.85,76.16
Bandhan Mutual Fund,19532508.97,196171.37,January - March 2026,April 2025 - March 2026,2025-Q4,2.4,Mid-sized,4,80.0,-1.26,16.84,-4.65,0,False,,56.23,76.31
Bandhan Mutual Fund,20404604.97,196260.9,April - June 2026,April 2026 - March 2027,2026-Q1,2.45,Mid-sized,4,80.0,4.46,15.36,5.86,0,False,,55.91,75.73
Bank of India Mutual Fund,795028.52,0.0,April - June 2024,April 2024 - March 2025,2024-Q1,0.13,Emerging,7,71.43,,,,,False,,56.13,77.88
Bank of India Mutual Fund,1033572.97,0.0,July - September 2024,April 2024 - March 2025,2024-Q2,0.16,Emerging,8,66.67,30.0,,2.12,-1,False,,56.14,77.47
Bank of India Mutual Fund,1150332.71,0.0,October - December 2024,April 2024 - March 2025,2024-Q3,0.17,Emerging,8,66.67,11.3,,1.16,0,False,,55.88,77.0
Bank of India Mutual Fund,1151835.95,0.0,January - March 2025,April 2024 - March 2025,2024-Q4,0.17,Emerging,7,73.91,0.13,,0.32,1,False,,55.86,76.89
Bank of India Mutual Fund,1245769.25,0.0,April - June 2025,April 2025 - March 2026,2025-Q1,0.17,Emerging,7,73.91,8.16,56.69,0.19,0,False,,56.07,76.81
Bank of India Mutual Fund,1342849.9,0.0,July - September 2025,April 2025 - March 2026,2025-Q2,0.17,Emerging,7,76.0,7.79,29.92,0.14,0,False,,55.85,76.37
Bank of India Mutual Fund,1387105.96,0.0,October - December 2025,April 2025 - March 2026,2025-Q3,0.17,Emerging,7,78.57,3.3,20.58,-0.28,0,False,,55.85,76.16
Bank of India Mutual Fund,1417087.27,0.0,January - March 2026,April 2025 - March 2026,2025-Q4,0.17,Emerging,7,78.57,2.16,23.03,0.26,0,False,,56.23,76.31
Bank of India Mutual Fund,1544585.47,0.0,April - June 2026,April 2026 - March 2027,2026-Q1,0.19,Emerging,7,78.57,9.0,23.99,1.2,0,False,,55.91,75.73
Baroda BNP Paribas Mutual Fund,3850222.64,0.0,April - June 2024,April 2024 - March 2025,2024-Q1,0.65,Mid-sized,14,13.33,,,,,False,,56.13,77.88
Baroda BNP Paribas Mutual Fund,4517419.41,0.0,July - September 2024,April 2024 - March 2025,2024-Q2,0.68,Mid-sized,14,13.33,17.33,,2.92,0,False,,56.14,77.47
Baroda BNP Paribas Mutual Fund,4679090.1,0.0,October - December 2024,April 2024 - March 2025,2024-Q3,0.68,Mid-sized,14,13.33,3.58,,-0.02,0,False,,55.88,77.0
Baroda BNP Paribas Mutual Fund,4554083.03,0.0,January - March 2025,April 2024 - March 2025,2024-Q4,0.68,Mid-sized,14,13.33,-2.67,,-0.65,0,False,,55.86,76.89
Baroda BNP Paribas Mutual Fund,4835656.38,8457.71,April - June 2025,April 2025 - March 2026,2025-Q1,0.67,Mid-sized,14,13.33,6.18,25.59,-0.51,0,False,,56.07,76.81
Baroda BNP Paribas Mutual Fund,5050075.59,25246.72,July - September 2025,April 2025 - March 2026,2025-Q2,0.65,Mid-sized,14,13.33,4.43,11.79,-1.57,0,False,,55.85,76.37
Baroda BNP Paribas Mutual Fund,5314357.97,33653.85,October - December 2025,April 2025 - March 2026,2025-Q3,0.66,Mid-sized,14,13.33,5.23,13.58,0.14,0,False,,55.85,76.16
Baroda BNP Paribas Mutual Fund,5460795.4,39894.38,January - March 2026,April 2025 - March 2026,2025-Q4,0.67,Mid-sized,14,13.33,2.76,19.91,1.37,0,False,,56.23,76.31
Baroda BNP Paribas Mutual Fund,5314857.89,39727.35,April - June 2026,April 2026 - March 2027,2026-Q1,0.64,Mid-sized,14,13.33,-2.67,9.91,-3.05,0,False,,55.91,75.73
Canara Robeco Mutual Fund,9468468.68,0.0,April - June 2024,April 2024 - March 2025,2024-Q1,1.61,Mid-sized,8,53.33,,,,,False,,56.13,77.88
Canara Robeco Mutual Fund,10684015.92,0.0,July - September 2024,April 2024 - March 2025,2024-Q2,1.61,Mid-sized,8,53.33,12.84,,0.76,0,False,,56.14,77.47
Canara Robeco Mutual Fund,10836626.98,0.0,October - December 2024,April 2024 - March 2025,2024-Q3,1.58,Mid-sized,8,53.33,1.43,,-3.4,0,False,,55.88,77.0
Canara Robeco Mutual Fund,10334427.39,0.0,January - March 2025,April 2024 - March 2025,2024-Q4,1.53,Mid-sized,9,46.67,-4.63,,-4.65,-1,False,,55.86,76.89
Canara Robeco Mutual Fund,11105244.9,0.0,April - June 2025,April 2025 - March 2026,2025-Q1,1.54,Mid-sized,10,40.0,7.46,17.29,0.67,-1,False,,56.07,76.81
Canara Robeco Mutual Fund,11972686.35,0.0,July - September 2025,April 2025 - March 2026,2025-Q2,1.55,Mid-sized,11,33.33,7.81,12.06,1.26,-1,False,,55.85,76.37
Canara Robeco Mutual Fund,12225362.95,0.0,October - December 2025,April 2025 - March 2026,2025-Q3,1.51,Mid-sized,11,33.33,2.11,12.82,-4.29,0,False,,55.85,76.16
Canara Robeco Mutual Fund,11748293.85,0.0,January - March 2026,April 2025 - March 2026,2025-Q4,1.44,Mid-sized,11,33.33,-3.9,13.68,-6.83,0,False,,56.23,76.31
Canara Robeco Mutual Fund,11872752.79,0.0,April - June 2026,April 2026 - March 2027,2026-Q1,1.43,Mid-sized,11,33.33,1.06,6.91,-1.28,0,False,,55.91,75.73
Capitalmind Mutual Fund,6919.04,0.0,July - September 2025,April 2025 - March 2026,2025-Q2,0.0,Emerging,25,4.0,,,,,False,,55.85,76.37
Capitalmind Mutual Fund,23333.2,0.0,October - December 2025,April 2025 - March 2026,2025-Q3,0.0,Emerging,26,10.71,237.23,,0.2,-1,False,,55.85,76.16
Capitalmind Mutual Fund,47211.4,0.0,January - March 2026,April 2025 - March 2026,2025-Q4,0.01,Emerging,26,10.71,102.34,,0.29,0,False,,56.23,76.31
Capitalmind Mutual Fund,56913.99,0.0,April - June 2026,April 2026 - March 2027,2026-Q1,0.01,Emerging,26,10.71,20.55,,0.11,0,False,,55.91,75.73
Choice Mutual Fund,3924.37,0.0,October - December 2025,April 2025 - March 2026,2025-Q3,0.0,Emerging,28,3.57,,,,,False,,55.85,76.16
Choice Mutual Fund,6943.49,0.0,January - March 2026,April 2025 - March 2026,2025-Q4,0.0,Emerging,28,3.57,76.93,,0.04,0,False,,56.23,76.31
Choice Mutual Fund,8255.7,0.0,April - June 2026,April 2026 - March 2027,2026-Q1,0.0,Emerging,28,3.57,18.9,,0.01,0,False,,55.91,75.73
DSP Mutual Fund,15635873.5,8842.6,April - June 2024,April 2024 - March 2025,2024-Q1,2.65,Mid-sized,2,93.33,,,,,False,,56.13,77.88
DSP Mutual Fund,18243163.66,9581.81,July - September 2024,April 2024 - March 2025,2024-Q2,2.75,Mid-sized,2,93.33,16.68,,10.31,0,False,,56.14,77.47
DSP Mutual Fund,19268989.18,9781.97,October - December 2024,April 2024 - March 2025,2024-Q3,2.81,Mid-sized,2,93.33,5.62,,5.34,0,False,,55.88,77.0
DSP Mutual Fund,18731128.05,12502.29,January - March 2025,April 2024 - March 2025,2024-Q4,2.78,Mid-sized,2,93.33,-2.79,,-3.0,0,False,,55.86,76.89
DSP Mutual Fund,19754067.64,71498.74,April - June 2025,April 2025 - March 2026,2025-Q1,2.74,Mid-sized,2,93.33,5.46,26.34,-3.98,0,False,,56.07,76.81
DSP Mutual Fund,21109674.76,186340.23,July - September 2025,April 2025 - March 2026,2025-Q2,2.74,Mid-sized,2,93.33,6.86,15.71,-0.19,0,False,,55.85,76.37
DSP Mutual Fund,22199562.54,267331.98,October - December 2025,April 2025 - March 2026,2025-Q3,2.74,Mid-sized,3,86.67,5.16,15.21,0.39,-1,False,,55.85,76.16
DSP Mutual Fund,22539962.94,322270.95,January - March 2026,April 2025 - March 2026,2025-Q4,2.76,Mid-sized,2,93.33,1.53,20.33,2.39,1,False,,56.23,76.31
DSP Mutual Fund,22980159.81,349467.04,April - June 2026,April 2026 - March 2027,2026-Q1,2.76,Mid-sized,1,100.0,1.95,16.33,-0.04,1,False,,55.91,75.73
Edelweiss Mutual Fund,13188859.67,2288357.71,April - June 2024,April 2024 - March 2025,2024-Q1,2.24,Mid-sized,5,73.33,,,,,False,,56.13,77.88
Edelweiss Mutual Fund,14179002.79,2289850.94,July - September 2024,April 2024 - March 2025,2024-Q2,2.14,Mid-sized,5,73.33,7.51,,-9.56,0,False,,56.14,77.47
Edelweiss Mutual Fund,14274328.27,2277255.05,October - December 2024,April 2024 - March 2025,2024-Q3,2.08,Mid-sized,5,73.33,0.67,,-6.08,0,False,,55.88,77.0
Edelweiss Mutual Fund,14283148.9,2289616.09,January - March 2025,April 2024 - March 2025,2024-Q4,2.12,Mid-sized,5,73.33,0.06,,3.82,0,False,,55.86,76.89
Edelweiss Mutual Fund,14815795.08,2209657.18,April - June 2025,April 2025 - March 2026,2025-Q1,2.05,Mid-sized,5,73.33,3.73,12.34,-6.46,0,False,,56.07,76.81
Edelweiss Mutual Fund,15658619.65,2209172.84,July - September 2025,April 2025 - March 2026,2025-Q2,2.03,Mid-sized,5,73.33,5.69,10.44,-2.4,0,False,,55.85,76.37
Edelweiss Mutual Fund,16414942.26,2288420.08,October - December 2025,April 2025 - March 2026,2025-Q3,2.03,Mid-sized,5,73.33,4.83,15.0,-0.35,0,False,,55.85,76.16
Edelweiss Mutual Fund,16567020.68,2403721.41,January - March 2026,April 2025 - March 2026,2025-Q4,2.03,Mid-sized,5,73.33,0.93,15.99,0.55,0,False,,56.23,76.31
Edelweiss Mutual Fund,17095115.28,2414085.28,April - June 2026,April 2026 - March 2027,2026-Q1,2.06,Mid-sized,5,73.33,3.19,15.38,2.43,0,False,,55.91,75.73
Franklin Templeton Mutual Fund,9533885.08,136150.78,April - June 2024,April 2024 - March 2025,2024-Q1,1.62,Mid-sized,7,60.0,,,,,False,,56.13,77.88
Franklin Templeton Mutual Fund,11033564.2,138700.24,July - September 2024,April 2024 - March 2025,2024-Q2,1.67,Mid-sized,7,60.0,15.73,,4.92,0,False,,56.14,77.47
Franklin Templeton Mutual Fund,11263803.99,137724.0,October - December 2024,April 2024 - March 2025,2024-Q3,1.64,Mid-sized,7,60.0,2.09,,-2.46,0,False,,55.88,77.0
Franklin Templeton Mutual Fund,10689403.2,132487.09,January - March 2025,April 2024 - March 2025,2024-Q4,1.59,Mid-sized,7,60.0,-5.1,,-5.61,0,False,,55.86,76.89
Franklin Templeton Mutual Fund,11427163.8,136889.2,April - June 2025,April 2025 - March 2026,2025-Q1,1.58,Mid-sized,9,46.67,6.9,19.86,-0.14,-2,False,,56.07,76.81
Franklin Templeton Mutual Fund,12220985.47,137129.19,July - September 2025,April 2025 - March 2026,2025-Q2,1.58,Mid-sized,9,46.67,6.95,10.76,0.01,0,False,,55.85,76.37
Franklin Templeton Mutual Fund,12671508.21,139823.56,October - December 2025,April 2025 - March 2026,2025-Q3,1.56,Mid-sized,10,40.0,3.69,12.5,-2.0,-1,False,,55.85,76.16
Franklin Templeton Mutual Fund,12357420.77,138166.29,January - March 2026,April 2025 - March 2026,2025-Q4,1.52,Mid-sized,10,40.0,-2.48,15.6,-4.87,0,False,,56.23,76.31
Franklin Templeton Mutual Fund,12601740.59,136442.23,April - June 2026,April 2026 - March 2027,2026-Q1,1.52,Mid-sized,10,40.0,1.98,10.28,0.01,0,False,,55.91,75.73
Groww Mutual Fund,78807.84,0.0,April - June 2024,April 2024 - March 2025,2024-Q1,0.01,Emerging,19,14.29,,,,,False,,56.13,77.88
Groww Mutual Fund,104713.14,4425.36,July - September 2024,April 2024 - March 2025,2024-Q2,0.02,Emerging,18,19.05,32.87,,0.24,1,False,,56.14,77.47
Groww Mutual Fund,153830.48,13991.82,October - December 2024,April 2024 - March 2025,2024-Q3,0.02,Emerging,17,23.81,46.91,,0.66,1,False,,55.88,77.0
Groww Mutual Fund,154713.6,16800.96,January - March 2025,April 2024 - March 2025,2024-Q4,0.02,Emerging,17,30.43,0.57,,0.05,0,False,,55.86,76.89
Groww Mutual Fund,193647.78,23082.35,April - June 2025,April 2025 - March 2026,2025-Q1,0.03,Emerging,17,30.43,25.17,145.72,0.39,0,False,,56.07,76.81
Groww Mutual Fund,253548.86,30758.4,July - September 2025,April 2025 - March 2026,2025-Q2,0.03,Emerging,18,32.0,30.93,142.14,0.6,-1,False,,55.85,76.37
Groww Mutual Fund,334752.41,39369.41,October - December 2025,April 2025 - March 2026,2025-Q3,0.04,Emerging,16,46.43,32.03,117.61,0.85,2,False,,55.85,76.16
Groww Mutual Fund,418124.95,57251.58,January - March 2026,April 2025 - March 2026,2025-Q4,0.05,Emerging,16,46.43,24.91,170.26,1.0,0,False,,56.23,76.31
Groww Mutual Fund,510638.28,67174.03,April - June 2026,April 2026 - March 2027,2026-Q1,0.06,Emerging,16,46.43,22.13,163.69,1.01,0,False,,55.91,75.73
HDFC Mutual Fund,67158276.44,521525.88,April - June 2024,April 2024 - March 2025,2024-Q1,11.39,Large,3,75.0,,,,,False,,56.13,77.88
HDFC Mutual Fund,75879795.18,559885.82,July - September 2024,April 2024 - March 2025,2024-Q2,11.46,Large,3,75.0,12.99,,6.87,0,False,,56.14,77.47
HDFC Mutual Fund,78743359.08,628065.93,October - December 2024,April 2024 - March 2025,2024-Q3,11.48,Large,3,75.0,3.77,,1.76,0,False,,55.88,77.0
HDFC Mutual Fund,77399814.7,696923.31,January - March 2025,April 2024 - March 2025,2024-Q4,11.48,Large,3,75.0,-1.71,,0.4,0,False,,55.86,76.89
HDFC Mutual Fund,82860058.46,874760.61,April - June 2025,April 2025 - March 2026,2025-Q1,11.49,Large,3,75.0,7.05,23.38,0.66,0,False,,56.07,76.81
HDFC Mutual Fund,88142880.7,1159894.82,July - September 2025,April 2025 - March 2026,2025-Q2,11.43,Large,3,75.0,6.38,16.16,-6.04,0,False,,55.85,76.37
HDFC Mutual Fund,92485355.32,1834358.55,October - December 2025,April 2025 - March 2026,2025-Q3,11.42,Large,3,75.0,4.93,17.45,-0.94,0,False,,55.85,76.16
HDFC Mutual Fund,92745126.84,2541540.46,January - March 2026,April 2025 - March 2026,2025-Q4,11.37,Large,3,75.0,0.28,19.83,-4.24,0,False,,56.23,76.31
HDFC Mutual Fund,93510038.04,2685906.69,April - June 2026,April 2026 - March 2027,2026-Q1,11.25,Large,3,75.0,0.82,12.85,-12.76,0,False,,55.91,75.73
HSBC Mutual Fund,11686582.01,12557.19,April - June 2024,April 2024 - March 2025,2024-Q1,1.98,Mid-sized,6,66.67,,,,,False,,56.13,77.88
HSBC Mutual Fund,12723567.23,12888.92,July - September 2024,April 2024 - March 2025,2024-Q2,1.92,Mid-sized,6,66.67,8.87,,-6.06,0,False,,56.14,77.47
HSBC Mutual Fund,13086742.75,12373.31,October - December 2024,April 2024 - March 2025,2024-Q3,1.91,Mid-sized,6,66.67,2.85,,-1.41,0,False,,55.88,77.0
HSBC Mutual Fund,12439720.4,11698.52,January - March 2025,April 2024 - March 2025,2024-Q4,1.85,Mid-sized,6,66.67,-4.94,,-6.22,0,False,,55.86,76.89
HSBC Mutual Fund,12961966.86,36550.45,April - June 2025,April 2025 - March 2026,2025-Q1,1.8,Mid-sized,6,66.67,4.2,10.91,-4.82,0,False,,56.07,76.81
HSBC Mutual Fund,13570588.39,69897.12,July - September 2025,April 2025 - March 2026,2025-Q2,1.76,Mid-sized,6,66.67,4.7,6.66,-3.77,0,False,,55.85,76.37
HSBC Mutual Fund,13883800.02,79518.8,October - December 2025,April 2025 - March 2026,2025-Q3,1.71,Mid-sized,8,53.33,2.31,6.09,-4.53,-2,False,,55.85,76.16
HSBC Mutual Fund,13605785.41,73035.92,January - March 2026,April 2025 - March 2026,2025-Q4,1.67,Mid-sized,8,53.33,-2.0,9.37,-4.52,0,False,,56.23,76.31
HSBC Mutual Fund,14300723.1,106069.67,April - June 2026,April 2026 - March 2027,2026-Q1,1.72,Mid-sized,8,53.33,5.11,10.33,5.14,0,False,,55.91,75.73
Helios Mutual Fund,162654.34,0.0,April - June 2024,April 2024 - March 2025,2024-Q1,0.03,Emerging,14,38.1,,,,,False,,56.13,77.88
Helios Mutual Fund,228891.14,0.0,July - September 2024,April 2024 - March 2025,2024-Q2,0.03,Emerging,15,33.33,40.72,,0.7,-1,False,,56.14,77.47
Helios Mutual Fund,293628.98,0.0,October - December 2024,April 2024 - March 2025,2024-Q3,0.04,Emerging,13,42.86,28.28,,0.82,2,False,,55.88,77.0
Helios Mutual Fund,342152.56,0.0,January - March 2025,April 2024 - March 2025,2024-Q4,0.05,Emerging,13,47.83,16.53,,0.8,0,False,,55.86,76.89
Helios Mutual Fund,413099.79,0.0,April - June 2025,April 2025 - March 2026,2025-Q1,0.06,Emerging,13,47.83,20.74,153.97,0.65,0,False,,56.07,76.81
Helios Mutual Fund,520890.88,0.0,July - September 2025,April 2025 - March 2026,2025-Q2,0.07,Emerging,14,48.0,26.09,127.57,1.03,-1,False,,55.85,76.37
Helios Mutual Fund,740508.38,0.0,October - December 2025,April 2025 - March 2026,2025-Q3,0.09,Emerging,13,57.14,42.16,152.19,2.39,1,False,,55.85,76.16
Helios Mutual Fund,940054.39,0.0,January - March 2026,April 2025 - March 2026,2025-Q4,0.12,Emerging,12,60.71,26.95,174.75,2.39,1,False,,56.23,76.31
Helios Mutual Fund,1110325.82,0.0,April - June 2026,April 2026 - March 2027,2026-Q1,0.13,Emerging,12,60.71,18.11,168.78,1.83,0,False,,55.91,75.73
ICICI Prudential Mutual Fund,74739564.63,3004014.77,April - June 2024,April 2024 - March 2025,2024-Q1,12.68,Large,2,87.5,,,,,False,,56.13,77.88
ICICI Prudential Mutual Fund,84122725.71,3211493.39,July - September 2024,April 2024 - March 2025,2024-Q2,12.7,Large,2,87.5,12.55,,2.77,0,False,,56.14,77.47
ICICI Prudential Mutual Fund,87395751.29,3432458.68,October - December 2024,April 2024 - March 2025,2024-Q3,12.74,Large,2,87.5,3.89,,3.38,0,False,,55.88,77.0
ICICI Prudential Mutual Fund,87941197.82,3546618.09,January - March 2025,April 2024 - March 2025,2024-Q4,13.04,Large,2,87.5,0.62,,30.65,0,False,,55.86,76.89
ICICI Prudential Mutual Fund,94424722.43,3947903.59,April - June 2025,April 2025 - March 2026,2025-Q1,13.09,Large,2,87.5,7.37,26.34,4.63,0,False,,56.07,76.81
ICICI Prudential Mutual Fund,101475811.28,4598872.52,July - September 2025,April 2025 - March 2026,2025-Q2,13.15,Large,2,87.5,7.47,20.63,6.49,0,False,,55.85,76.37
ICICI Prudential Mutual Fund,107637993.04,5395298.32,October - December 2025,April 2025 - March 2026,2025-Q3,13.29,Large,2,87.5,6.07,23.16,13.27,0,False,,55.85,76.16
ICICI Prudential Mutual Fund,110375131.82,6040868.01,January - March 2026,April 2025 - March 2026,2025-Q4,13.54,Large,2,87.5,2.54,25.51,24.93,0,False,,56.23,76.31
ICICI Prudential Mutual Fund,111454413.14,6167352.22,April - June 2026,April 2026 - March 2027,2026-Q1,13.4,Large,2,87.5,0.98,18.04,-13.15,0,False,,55.91,75.73
IL&FS Mutual Fund (IDF),103958.91,0.0,April - June 2024,April 2024 - March 2025,2024-Q1,0.02,Emerging,17,23.81,,,,,False,,56.13,77.88
IL&FS Mutual Fund (IDF),106204.41,0.0,July - September 2024,April 2024 - March 2025,2024-Q2,0.02,Emerging,17,23.81,2.16,,-0.16,0,False,,56.14,77.47
IL&FS Mutual Fund (IDF),108359.89,0.0,October - December 2024,April 2024 - March 2025,2024-Q3,0.02,Emerging,18,19.05,2.03,,-0.02,-1,False,,55.88,77.0
IL&FS Mutual Fund (IDF),110289.68,0.0,January - March 2025,April 2024 - March 2025,2024-Q4,0.02,Emerging,19,21.74,1.78,,0.06,-1,False,,55.86,76.89
IL&FS Mutual Fund (IDF),86023.4,0.0,April - June 2025,April 2025 - March 2026,2025-Q1,0.01,Emerging,21,13.04,-22.0,-17.25,-0.44,-2,False,,56.07,76.81
IL&FS Mutual Fund (IDF),87788.25,0.0,July - September 2025,April 2025 - March 2026,2025-Q2,0.01,Emerging,23,12.0,2.05,-17.34,-0.05,-2,False,,55.85,76.37
IL&FS Mutual Fund (IDF),89605.42,0.0,October - December 2025,April 2025 - March 2026,2025-Q3,0.01,Emerging,24,17.86,2.07,-17.31,-0.03,-1,False,,55.85,76.16
IL&FS Mutual Fund (IDF),91124.54,0.0,January - March 2026,April 2025 - March 2026,2025-Q4,0.01,Emerging,25,14.29,1.7,-17.38,0.01,-1,False,,56.23,76.31
IL&FS Mutual Fund (IDF),93171.52,0.0,April - June 2026,April 2026 - March 2027,2026-Q1,0.01,Emerging,25,14.29,2.25,8.31,0.0,0,False,,55.91,75.73
ITI Mutual Fund,740609.76,0.0,April - June 2024,April 2024 - March 2025,2024-Q1,0.13,Emerging,9,61.9,,,,,False,,56.13,77.88
ITI Mutual Fund,894482.26,0.0,July - September 2024,April 2024 - March 2025,2024-Q2,0.14,Emerging,9,61.9,20.78,,0.95,0,False,,56.14,77.47
ITI Mutual Fund,985889.02,0.0,October - December 2024,April 2024 - March 2025,2024-Q3,0.14,Emerging,9,61.9,10.22,,0.86,0,False,,55.88,77.0
ITI Mutual Fund,929250.88,0.0,January - March 2025,April 2024 - March 2025,2024-Q4,0.14,Emerging,9,65.22,-5.74,,-0.59,0,False,,55.86,76.89
ITI Mutual Fund,993951.87,0.0,April - June 2025,April 2025 - March 2026,2025-Q1,0.14,Emerging,9,65.22,6.96,34.21,-0.0,0,False,,56.07,76.81
ITI Mutual Fund,1071537.88,0.0,July - September 2025,April 2025 - March 2026,2025-Q2,0.14,Emerging,10,64.0,7.81,19.79,0.11,-1,False,,55.85,76.37
ITI Mutual Fund,1116699.15,0.0,October - December 2025,April 2025 - March 2026,2025-Q3,0.14,Emerging,10,67.86,4.21,13.27,-0.11,0,False,,55.85,76.16
ITI Mutual Fund,1082514.41,0.0,January - March 2026,April 2025 - March 2026,2025-Q4,0.13,Emerging,11,64.29,-3.06,16.49,-0.51,-1,False,,56.23,76.31
ITI Mutual Fund,1130229.13,0.0,April - June 2026,April 2026 - March 2027,2026-Q1,0.14,Emerging,11,64.29,4.41,13.71,0.32,0,False,,55.91,75.73
Invesco Mutual Fund,8356227.08,7431.75,April - June 2024,April 2024 - March 2025,2024-Q1,1.42,Mid-sized,9,46.67,,,,,False,,56.13,77.88
Invesco Mutual Fund,9658589.88,7717.31,July - September 2024,April 2024 - March 2025,2024-Q2,1.46,Mid-sized,10,40.0,15.59,,4.13,-1,False,,56.14,77.47
Invesco Mutual Fund,10826753.32,9654.42,October - December 2024,April 2024 - March 2025,2024-Q3,1.58,Mid-sized,9,46.67,12.09,,11.94,1,False,,55.88,77.0
Invesco Mutual Fund,10658086.8,12225.09,January - March 2025,April 2024 - March 2025,2024-Q4,1.58,Mid-sized,8,53.33,-1.56,,0.29,1,False,,55.86,76.89
Invesco Mutual Fund,11645955.8,15987.24,April - June 2025,April 2025 - March 2026,2025-Q1,1.61,Mid-sized,7,60.0,9.27,39.37,3.36,1,False,,56.07,76.81
Invesco Mutual Fund,12823790.4,45502.43,July - September 2025,April 2025 - March 2026,2025-Q2,1.66,Mid-sized,8,53.33,10.11,32.77,4.79,-1,False,,55.85,76.37
Invesco Mutual Fund,13970438.06,58937.02,October - December 2025,April 2025 - March 2026,2025-Q3,1.72,Mid-sized,7,60.0,8.94,29.04,6.22,1,False,,55.85,76.16
Invesco Mutual Fund,14064777.08,69595.12,January - March 2026,April 2025 - March 2026,2025-Q4,1.72,Mid-sized,7,60.0,0.68,31.96,0.04,0,False,,56.23,76.31
Invesco Mutual Fund,14600870.1,70925.4,April - June 2026,April 2026 - March 2027,2026-Q1,1.76,Mid-sized,7,60.0,3.81,25.37,3.12,0,False,,55.91,75.73
JM Financial Mutual Fund,779919.62,0.0,April - June 2024,April 2024 - March 2025,2024-Q1,0.13,Emerging,8,66.67,,,,,False,,56.13,77.88
JM Financial Mutual Fund,1144532.84,0.0,July - September 2024,April 2024 - March 2025,2024-Q2,0.17,Emerging,7,71.43,46.75,,4.06,1,False,,56.14,77.47
JM Financial Mutual Fund,1357368.06,0.0,October - December 2024,April 2024 - March 2025,2024-Q3,0.2,Emerging,6,76.19,18.6,,2.5,1,False,,55.88,77.0
JM Financial Mutual Fund,1383127.42,0.0,January - March 2025,April 2024 - March 2025,2024-Q4,0.21,Emerging,6,78.26,1.9,,0.73,0,False,,55.86,76.89
JM Financial Mutual Fund,1396886.54,0.0,April - June 2025,April 2025 - March 2026,2025-Q1,0.19,Emerging,6,78.26,0.99,79.11,-1.15,0,False,,56.07,76.81
JM Financial Mutual Fund,1490183.07,0.0,July - September 2025,April 2025 - March 2026,2025-Q2,0.19,Emerging,6,80.0,6.68,30.2,-0.05,0,False,,55.85,76.37
JM Financial Mutual Fund,1434444.17,0.0,October - December 2025,April 2025 - March 2026,2025-Q3,0.18,Emerging,6,82.14,-3.74,5.68,-1.61,0,False,,55.85,76.16
JM Financial Mutual Fund,1321924.26,0.0,January - March 2026,April 2025 - March 2026,2025-Q4,0.16,Emerging,9,71.43,-7.84,-4.42,-1.5,-3,False,,56.23,76.31
JM Financial Mutual Fund,1320458.87,0.0,April - June 2026,April 2026 - March 2027,2026-Q1,0.16,Emerging,9,71.43,-0.11,-5.47,-0.33,0,False,,55.91,75.73
Jio BlackRock Mutual Fund,1289027.71,0.0,July - September 2025,April 2025 - March 2026,2025-Q2,0.17,Emerging,9,68.0,,,,,False,,55.85,76.37
Jio BlackRock Mutual Fund,1375746.11,0.0,October - December 2025,April 2025 - March 2026,2025-Q3,0.17,Emerging,8,75.0,6.73,,0.27,1,False,,55.85,76.16
Jio BlackRock Mutual Fund,1671152.27,0.0,January - March 2026,April 2025 - March 2026,2025-Q4,0.2,Emerging,6,82.14,21.47,,3.51,2,False,,56.23,76.31
Jio BlackRock Mutual Fund,1797890.25,0.0,April - June 2026,April 2026 - March 2027,2026-Q1,0.22,Emerging,6,82.14,7.58,,1.13,0,False,,55.91,75.73
Kotak Mahindra Mutual Fund,41850672.37,334087.62,April - June 2024,April 2024 - March 2025,2024-Q1,7.1,Large,5,50.0,,,,,False,,56.13,77.88
Kotak Mahindra Mutual Fund,47017833.61,356854.52,July - September 2024,April 2024 - March 2025,2024-Q2,7.1,Large,5,50.0,12.35,,0.24,0,False,,56.14,77.47
Kotak Mahindra Mutual Fund,48874493.33,397456.08,October - December 2024,April 2024 - March 2025,2024-Q3,7.12,Large,5,50.0,3.95,,2.29,0,False,,55.88,77.0
Kotak Mahindra Mutual Fund,48253708.74,458418.6,January - March 2025,April 2024 - March 2025,2024-Q4,7.16,Large,5,50.0,-1.27,,3.41,0,False,,55.86,76.89
Kotak Mahindra Mutual Fund,51934555.34,686737.48,April - June 2025,April 2025 - March 2026,2025-Q1,7.2,Large,5,50.0,7.63,24.09,4.25,0,False,,56.07,76.81
Kotak Mahindra Mutual Fund,55595213.92,1102967.61,July - September 2025,April 2025 - March 2026,2025-Q2,7.21,Large,5,50.0,7.05,18.24,0.75,0,False,,55.85,76.37
Kotak Mahindra Mutual Fund,57330721.33,1489140.28,October - December 2025,April 2025 - March 2026,2025-Q3,7.08,Large,5,50.0,3.12,17.3,-12.98,0,False,,55.85,76.16
Kotak Mahindra Mutual Fund,58095023.98,1833246.76,January - March 2026,April 2025 - March 2026,2025-Q4,7.12,Large,5,50.0,1.33,20.39,4.77,0,False,,56.23,76.31
Kotak Mahindra Mutual Fund,59045999.53,1910111.98,April - June 2026,April 2026 - March 2027,2026-Q1,7.1,Large,5,50.0,1.64,13.69,-2.32,0,False,,55.91,75.73
LIC Mutual Fund,3176067.38,5356.08,April - June 2024,April 2024 - March 2025,2024-Q1,0.54,Mid-sized,15,6.67,,,,,False,,56.13,77.88
LIC Mutual Fund,3372481.18,5729.11,July - September 2024,April 2024 - March 2025,2024-Q2,0.51,Mid-sized,15,6.67,6.18,,-2.94,0,False,,56.14,77.47
LIC Mutual Fund,3531141.21,6902.83,October - December 2024,April 2024 - March 2025,2024-Q3,0.51,Mid-sized,15,6.67,4.7,,0.54,0,False,,55.88,77.0
LIC Mutual Fund,3647630.64,8806.8,January - March 2025,April 2024 - March 2025,2024-Q4,0.54,Mid-sized,15,6.67,3.3,,2.64,0,False,,55.86,76.89
LIC Mutual Fund,3871290.57,14089.57,April - June 2025,April 2025 - March 2026,2025-Q1,0.54,Mid-sized,15,6.67,6.13,21.89,-0.44,0,False,,56.07,76.81
LIC Mutual Fund,4148981.83,25181.66,July - September 2025,April 2025 - March 2026,2025-Q2,0.54,Mid-sized,15,6.67,7.17,23.02,0.12,0,False,,55.85,76.37
LIC Mutual Fund,4438308.18,51134.14,October - December 2025,April 2025 - March 2026,2025-Q3,0.55,Mid-sized,15,6.67,6.97,25.69,1.0,0,False,,55.85,76.16
LIC Mutual Fund,4646119.24,74590.19,January - March 2026,April 2025 - March 2026,2025-Q4,0.57,Mid-sized,15,6.67,4.68,27.37,2.19,0,False,,56.23,76.31
LIC Mutual Fund,4953492.12,79427.83,April - June 2026,April 2026 - March 2027,2026-Q1,0.6,Mid-sized,15,6.67,6.62,27.95,2.6,0,False,,55.91,75.73
Mahindra Manulife Mutual Fund,2256480.96,0.0,April - June 2024,April 2024 - March 2025,2024-Q1,0.38,Emerging,2,95.24,,,,,False,,56.13,77.88
Mahindra Manulife Mutual Fund,2815034.18,0.0,July - September 2024,April 2024 - March 2025,2024-Q2,0.43,Emerging,1,100.0,24.75,,4.24,1,False,,56.14,77.47
Mahindra Manulife Mutual Fund,2905005.93,0.0,October - December 2024,April 2024 - March 2025,2024-Q3,0.42,Emerging,1,100.0,3.2,,-0.17,0,False,,55.88,77.0
Mahindra Manulife Mutual Fund,2725576.91,0.0,January - March 2025,April 2024 - March 2025,2024-Q4,0.4,Emerging,1,100.0,-6.18,,-1.91,0,False,,55.86,76.89
Mahindra Manulife Mutual Fund,2958981.14,0.0,April - June 2025,April 2025 - March 2026,2025-Q1,0.41,Emerging,1,100.0,8.56,31.13,0.59,0,False,,56.07,76.81
Mahindra Manulife Mutual Fund,3167267.65,0.0,July - September 2025,April 2025 - March 2026,2025-Q2,0.41,Emerging,1,100.0,7.04,12.51,0.04,0,False,,55.85,76.37
Mahindra Manulife Mutual Fund,3291918.23,1074.37,October - December 2025,April 2025 - March 2026,2025-Q3,0.41,Emerging,1,100.0,3.94,13.32,-0.42,0,False,,55.85,76.16
Mahindra Manulife Mutual Fund,3312668.06,2639.95,January - March 2026,April 2025 - March 2026,2025-Q4,0.41,Emerging,1,100.0,0.63,21.54,-0.01,0,False,,56.23,76.31
Mahindra Manulife Mutual Fund,3478637.06,1887.22,April - June 2026,April 2026 - March 2027,2026-Q1,0.42,Emerging,2,96.43,5.01,17.56,1.21,-1,False,,55.91,75.73
Mirae Asset Mutual Fund,17138175.8,324042.53,April - June 2024,April 2024 - March 2025,2024-Q1,2.91,Mid-sized,1,100.0,,,,,False,,56.13,77.88
Mirae Asset Mutual Fund,19150512.05,364319.65,July - September 2024,April 2024 - March 2025,2024-Q2,2.89,Mid-sized,1,100.0,11.74,,-1.47,0,False,,56.14,77.47
Mirae Asset Mutual Fund,19427606.58,406235.9,October - December 2024,April 2024 - March 2025,2024-Q3,2.83,Mid-sized,1,100.0,1.45,,-6.05,0,False,,55.88,77.0
Mirae Asset Mutual Fund,18626881.41,436811.15,January - March 2025,April 2024 - March 2025,2024-Q4,2.76,Mid-sized,3,86.67,-4.12,,-6.86,-2,False,,55.86,76.89
Mirae Asset Mutual Fund,19832813.07,433339.8,April - June 2025,April 2025 - March 2026,2025-Q1,2.75,Mid-sized,1,100.0,6.47,15.72,-1.34,2,False,,56.07,76.81
Mirae Asset Mutual Fund,21040999.47,502354.35,July - September 2025,April 2025 - March 2026,2025-Q2,2.73,Mid-sized,3,86.67,6.09,9.87,-2.17,-2,False,,55.85,76.37
Mirae Asset Mutual Fund,22368885.41,587659.15,October - December 2025,April 2025 - March 2026,2025-Q3,2.76,Mid-sized,2,93.33,6.31,15.14,3.37,1,False,,55.85,76.16
Mirae Asset Mutual Fund,22135455.91,652898.29,January - March 2026,April 2025 - March 2026,2025-Q4,2.71,Mid-sized,3,86.67,-1.04,18.84,-4.66,-1,False,,56.23,76.31
Mirae Asset Mutual Fund,22495241.65,727909.1,April - June 2026,April 2026 - March 2027,2026-Q1,2.71,Mid-sized,3,86.67,1.63,13.42,-0.91,0,False,,55.91,75.73
Motilal Oswal Mutual Fund,5369154.76,494974.47,April - June 2024,April 2024 - March 2025,2024-Q1,0.91,Mid-sized,13,20.0,,,,,False,,56.13,77.88
Motilal Oswal Mutual Fund,7049501.92,516725.45,July - September 2024,April 2024 - March 2025,2024-Q2,1.06,Mid-sized,12,26.67,31.3,,15.39,1,False,,56.14,77.47
Motilal Oswal Mutual Fund,8666388.82,584776.3,October - December 2024,April 2024 - March 2025,2024-Q3,1.26,Mid-sized,12,26.67,22.94,,19.85,0,False,,55.88,77.0
Motilal Oswal Mutual Fund,9298798.47,633031.21,January - March 2025,April 2024 - March 2025,2024-Q4,1.38,Mid-sized,11,33.33,7.3,,11.62,1,False,,55.86,76.89
Motilal Oswal Mutual Fund,10425769.29,547832.66,April - June 2025,April 2025 - March 2026,2025-Q1,1.45,Mid-sized,11,33.33,12.12,94.18,6.61,0,False,,56.07,76.81
Motilal Oswal Mutual Fund,12151559.56,632168.36,July - September 2025,April 2025 - March 2026,2025-Q2,1.58,Mid-sized,10,40.0,16.55,72.37,13.0,1,False,,55.85,76.37
Motilal Oswal Mutual Fund,13403453.3,787563.19,October - December 2025,April 2025 - March 2026,2025-Q3,1.65,Mid-sized,9,46.67,10.3,54.66,7.93,1,False,,55.85,76.16
Motilal Oswal Mutual Fund,13174194.82,886002.08,January - March 2026,April 2025 - March 2026,2025-Q4,1.62,Mid-sized,9,46.67,-1.71,41.68,-3.89,0,False,,56.23,76.31
Motilal Oswal Mutual Fund,14252998.46,1095902.04,April - June 2026,April 2026 - March 2027,2026-Q1,1.71,Mid-sized,9,46.67,8.19,36.71,9.86,0,False,,55.91,75.73
NJ Mutual Fund,589462.17,0.0,April - June 2024,April 2024 - March 2025,2024-Q1,0.1,Emerging,10,57.14,,,,,False,,56.13,77.88
NJ Mutual Fund,667803.62,0.0,July - September 2024,April 2024 - March 2025,2024-Q2,0.1,Emerging,10,57.14,13.29,,0.09,0,False,,56.14,77.47
NJ Mutual Fund,677376.08,0.0,October - December 2024,April 2024 - March 2025,2024-Q3,0.1,Emerging,11,52.38,1.43,,-0.21,-1,False,,55.88,77.0
NJ Mutual Fund,643760.57,0.0,January - March 2025,April 2024 - March 2025,2024-Q4,0.1,Emerging,11,56.52,-4.96,,-0.32,0,False,,55.86,76.89
NJ Mutual Fund,670360.33,0.0,April - June 2025,April 2025 - March 2026,2025-Q1,0.09,Emerging,11,56.52,4.13,13.72,-0.26,0,False,,56.07,76.81
NJ Mutual Fund,713279.03,0.0,July - September 2025,April 2025 - March 2026,2025-Q2,0.09,Emerging,13,52.0,6.4,6.81,-0.05,-2,False,,55.85,76.37
NJ Mutual Fund,711689.74,0.0,October - December 2025,April 2025 - March 2026,2025-Q3,0.09,Emerging,14,53.57,-0.22,5.07,-0.46,-1,False,,55.85,76.16
NJ Mutual Fund,696517.11,0.0,January - March 2026,April 2025 - March 2026,2025-Q4,0.09,Emerging,14,53.57,-2.13,8.2,-0.24,0,False,,56.23,76.31
NJ Mutual Fund,692232.29,0.0,April - June 2026,April 2026 - March 2027,2026-Q1,0.08,Emerging,14,53.57,-0.62,3.26,-0.22,0,False,,55.91,75.73
Navi Mutual Fund,576215.55,0.0,April - June 2024,April 2024 - March 2025,2024-Q1,0.1,Emerging,11,52.38,,,,,False,,56.13,77.88
Navi Mutual Fund,661325.16,0.0,July - September 2024,April 2024 - March 2025,2024-Q2,0.1,Emerging,11,52.38,14.77,,0.21,0,False,,56.14,77.47
Navi Mutual Fund,699804.96,0.0,October - December 2024,April 2024 - March 2025,2024-Q3,0.1,Emerging,10,57.14,5.82,,0.21,1,False,,55.88,77.0
Navi Mutual Fund,712011.18,0.0,January - March 2025,April 2024 - March 2025,2024-Q4,0.11,Emerging,10,60.87,1.74,,0.36,0,False,,55.86,76.89
Navi Mutual Fund,775056.37,0.0,April - June 2025,April 2025 - March 2026,2025-Q1,0.11,Emerging,10,60.87,8.85,34.51,0.18,0,False,,56.07,76.81
Navi Mutual Fund,845281.61,0.0,July - September 2025,April 2025 - March 2026,2025-Q2,0.11,Emerging,11,60.0,9.06,27.82,0.21,-1,False,,55.85,76.37
Navi Mutual Fund,895867.14,0.0,October - December 2025,April 2025 - March 2026,2025-Q3,0.11,Emerging,12,60.71,5.98,28.02,0.1,-1,False,,55.85,76.16
Navi Mutual Fund,900733.45,0.0,January - March 2026,April 2025 - March 2026,2025-Q4,0.11,Emerging,13,57.14,0.54,26.51,-0.01,-1,False,,56.23,76.31
Navi Mutual Fund,945311.57,0.0,April - June 2026,April 2026 - March 2027,2026-Q1,0.11,Emerging,13,57.14,4.95,21.97,0.32,0,False,,55.91,75.73
Nippon India Mutual Fund,48379136.52,301368.9,April - June 2024,April 2024 - March 2025,2024-Q1,8.2,Large,4,62.5,,,,,False,,56.13,77.88
Nippon India Mutual Fund,54917369.33,323552.75,July - September 2024,April 2024 - March 2025,2024-Q2,8.29,Large,4,62.5,13.51,,8.81,0,False,,56.14,77.47
Nippon India Mutual Fund,56995353.49,372015.09,October - December 2024,April 2024 - March 2025,2024-Q3,8.31,Large,4,62.5,3.78,,1.35,0,False,,55.88,77.0
Nippon India Mutual Fund,55719912.03,418803.06,January - March 2025,April 2024 - March 2025,2024-Q4,8.26,Large,4,62.5,-2.24,,-4.2,0,False,,55.86,76.89
Nippon India Mutual Fund,61272352.54,515172.43,April - June 2025,April 2025 - March 2026,2025-Q1,8.49,Large,4,62.5,9.96,26.65,22.96,0,False,,56.07,76.81
Nippon India Mutual Fund,65651868.82,716526.8,July - September 2025,April 2025 - March 2026,2025-Q2,8.51,Large,4,62.5,7.15,19.55,1.67,0,False,,55.85,76.37
Nippon India Mutual Fund,70095805.75,1063951.09,October - December 2025,April 2025 - March 2026,2025-Q3,8.65,Large,4,62.5,6.77,22.99,14.23,0,False,,55.85,76.16
Nippon India Mutual Fund,72496513.92,1506585.46,January - March 2026,April 2025 - March 2026,2025-Q4,8.89,Large,4,62.5,3.42,30.11,23.82,0,False,,56.23,76.31
Nippon India Mutual Fund,75151871.19,1598770.74,April - June 2026,April 2026 - March 2027,2026-Q1,9.04,Large,4,62.5,3.66,22.65,14.77,0,False,,55.91,75.73
Old Bridge Mutual Fund,35371.47,0.0,April - June 2024,April 2024 - March 2025,2024-Q1,0.01,Emerging,21,4.76,,,,,False,,56.13,77.88
Old Bridge Mutual Fund,64299.58,0.0,July - September 2024,April 2024 - March 2025,2024-Q2,0.01,Emerging,21,4.76,81.78,,0.37,0,False,,56.14,77.47
Old Bridge Mutual Fund,97607.55,0.0,October - December 2024,April 2024 - March 2025,2024-Q3,0.01,Emerging,19,14.29,51.8,,0.45,2,False,,55.88,77.0
Old Bridge Mutual Fund,117865.09,0.0,January - March 2025,April 2024 - March 2025,2024-Q4,0.02,Emerging,18,26.09,20.75,,0.33,1,False,,55.86,76.89
Old Bridge Mutual Fund,159867.51,0.0,April - June 2025,April 2025 - March 2026,2025-Q1,0.02,Emerging,18,26.09,35.64,351.97,0.47,0,False,,56.07,76.81
Old Bridge Mutual Fund,195330.3,0.0,July - September 2025,April 2025 - March 2026,2025-Q2,0.03,Emerging,19,28.0,22.18,203.78,0.32,-1,False,,55.85,76.37
Old Bridge Mutual Fund,228010.22,0.0,October - December 2025,April 2025 - March 2026,2025-Q3,0.03,Emerging,19,35.71,16.73,133.6,0.28,0,False,,55.85,76.16
Old Bridge Mutual Fund,256609.79,0.0,January - March 2026,April 2025 - March 2026,2025-Q4,0.03,Emerging,19,35.71,12.54,117.71,0.33,0,False,,56.23,76.31
Old Bridge Mutual Fund,341883.68,0.0,April - June 2026,April 2026 - March 2027,2026-Q1,0.04,Emerging,18,39.29,33.23,113.85,0.96,1,False,,55.91,75.73
PGIM India Mutual Fund,2402852.46,0.0,April - June 2024,April 2024 - March 2025,2024-Q1,0.41,Emerging,1,100.0,,,,,False,,56.13,77.88
PGIM India Mutual Fund,2570938.91,0.0,July - September 2024,April 2024 - March 2025,2024-Q2,0.39,Emerging,2,95.24,7.0,,-1.93,-1,False,,56.14,77.47
PGIM India Mutual Fund,2584639.08,0.0,October - December 2024,April 2024 - March 2025,2024-Q3,0.38,Emerging,2,95.24,0.53,,-1.15,0,False,,55.88,77.0
PGIM India Mutual Fund,2416495.87,0.0,January - March 2025,April 2024 - March 2025,2024-Q4,0.36,Emerging,2,95.65,-6.51,,-1.83,0,False,,55.86,76.89
PGIM India Mutual Fund,2521192.07,0.0,April - June 2025,April 2025 - March 2026,2025-Q1,0.35,Emerging,2,95.65,4.33,4.92,-0.89,0,False,,56.07,76.81
PGIM India Mutual Fund,2692705.85,0.0,July - September 2025,April 2025 - March 2026,2025-Q2,0.35,Emerging,3,92.0,6.8,4.74,-0.04,-1,False,,55.85,76.37
PGIM India Mutual Fund,2754569.28,0.0,October - December 2025,April 2025 - March 2026,2025-Q3,0.34,Emerging,4,89.29,2.3,6.57,-0.9,-1,False,,55.85,76.16
PGIM India Mutual Fund,2640118.65,0.0,January - March 2026,April 2025 - March 2026,2025-Q4,0.32,Emerging,4,89.29,-4.15,9.25,-1.62,0,False,,56.23,76.31
PGIM India Mutual Fund,2663993.22,0.0,April - June 2026,April 2026 - March 2027,2026-Q1,0.32,Emerging,5,85.71,0.9,5.66,-0.34,-1,False,,55.91,75.73
PPFAS Mutual Fund,7485403.09,0.0,April - June 2024,April 2024 - March 2025,2024-Q1,1.27,Mid-sized,11,33.33,,,,,False,,56.13,77.88
PPFAS Mutual Fund,8759593.34,0.0,July - September 2024,April 2024 - March 2025,2024-Q2,1.32,Mid-sized,11,33.33,17.02,,5.33,0,False,,56.14,77.47
PPFAS Mutual Fund,9582976.56,0.0,October - December 2024,April 2024 - March 2025,2024-Q3,1.4,Mid-sized,11,33.33,9.4,,7.39,0,False,,55.88,77.0
PPFAS Mutual Fund,10170020.62,0.0,January - March 2025,April 2024 - March 2025,2024-Q4,1.51,Mid-sized,10,40.0,6.13,,11.18,1,False,,55.86,76.89
PPFAS Mutual Fund,11614590.68,0.0,April - June 2025,April 2025 - March 2026,2025-Q1,1.61,Mid-sized,8,53.33,14.2,55.16,10.17,2,False,,56.07,76.81
PPFAS Mutual Fund,13218061.79,0.0,July - September 2025,April 2025 - March 2026,2025-Q2,1.71,Mid-sized,7,60.0,13.81,50.9,10.34,1,False,,55.85,76.37
PPFAS Mutual Fund,14593878.54,0.0,October - December 2025,April 2025 - March 2026,2025-Q3,1.8,Mid-sized,6,66.67,10.41,52.29,8.8,1,False,,55.85,76.16
PPFAS Mutual Fund,15232816.13,0.0,January - March 2026,April 2025 - March 2026,2025-Q4,1.87,Mid-sized,6,66.67,4.38,49.78,6.66,0,False,,56.23,76.31
PPFAS Mutual Fund,16080710.11,0.0,April - June 2026,April 2026 - March 2027,2026-Q1,1.93,Mid-sized,6,66.67,5.57,38.45,6.59,0,False,,55.91,75.73
Quantum Mutual Fund,236562.64,30842.79,April - June 2024,April 2024 - March 2025,2024-Q1,0.04,Emerging,12,47.62,,,,,False,,56.13,77.88
Quantum Mutual Fund,250806.82,33222.46,July - September 2024,April 2024 - March 2025,2024-Q2,0.04,Emerging,14,38.1,6.02,,-0.22,-2,False,,56.14,77.47
Quantum Mutual Fund,254233.14,35251.94,October - December 2024,April 2024 - March 2025,2024-Q3,0.04,Emerging,15,33.33,1.37,,-0.08,-1,False,,55.88,77.0
Quantum Mutual Fund,260661.89,36964.6,January - March 2025,April 2024 - March 2025,2024-Q4,0.04,Emerging,15,39.13,2.53,,0.16,0,False,,55.86,76.89
Quantum Mutual Fund,275102.18,41991.95,April - June 2025,April 2025 - March 2026,2025-Q1,0.04,Emerging,16,34.78,5.54,16.29,-0.05,-1,False,,56.07,76.81
Quantum Mutual Fund,289629.22,47280.94,July - September 2025,April 2025 - March 2026,2025-Q2,0.04,Emerging,17,36.0,5.28,15.48,-0.06,-1,False,,55.85,76.37
Quantum Mutual Fund,310227.02,59353.9,October - December 2025,April 2025 - March 2026,2025-Q3,0.04,Emerging,17,42.86,7.11,22.02,0.08,0,False,,55.85,76.16
Quantum Mutual Fund,322964.81,71846.17,January - March 2026,April 2025 - March 2026,2025-Q4,0.04,Emerging,17,42.86,4.11,23.9,0.13,0,False,,56.23,76.31
Quantum Mutual Fund,318513.96,75466.36,April - June 2026,April 2026 - March 2027,2026-Q1,0.04,Emerging,19,35.71,-1.38,15.78,-0.13,-2,False,,55.91,75.73
SBI Mutual Fund,98825596.71,183423.47,April - June 2024,April 2024 - March 2025,2024-Q1,16.76,Large,1,100.0,,,,,False,,56.13,77.88
SBI Mutual Fund,109864296.94,224320.27,July - September 2024,April 2024 - March 2025,2024-Q2,16.59,Large,1,100.0,11.17,,-17.0,0,False,,56.14,77.47
SBI Mutual Fund,111395242.25,275522.41,October - December 2024,April 2024 - March 2025,2024-Q3,16.23,Large,1,100.0,1.39,,-35.56,0,False,,55.88,77.0
SBI Mutual Fund,107294899.19,341483.15,January - March 2025,April 2024 - March 2025,2024-Q4,15.91,Large,1,100.0,-3.68,,-32.06,0,False,,55.86,76.89
SBI Mutual Fund,114009417.65,522122.27,April - June 2025,April 2025 - March 2026,2025-Q1,15.8,Large,1,100.0,6.26,15.36,-10.93,0,False,,56.07,76.81
SBI Mutual Fund,119953297.96,805240.57,July - September 2025,April 2025 - March 2026,2025-Q2,15.55,Large,1,100.0,5.21,9.18,-25.48,0,False,,55.85,76.37
SBI Mutual Fund,124878776.76,1495684.94,October - December 2025,April 2025 - March 2026,2025-Q3,15.42,Large,1,100.0,4.11,12.1,-13.43,0,False,,55.85,76.16
SBI Mutual Fund,124800300.67,2259637.31,January - March 2026,April 2025 - March 2026,2025-Q4,15.31,Large,1,100.0,-0.06,16.32,-10.99,0,False,,56.23,76.31
SBI Mutual Fund,125735228.88,2402838.72,April - June 2026,April 2026 - March 2027,2026-Q1,15.12,Large,1,100.0,0.75,10.28,-18.3,0,False,,55.91,75.73
Samco Mutual Fund,225644.8,0.0,April - June 2024,April 2024 - March 2025,2024-Q1,0.04,Emerging,13,42.86,,,,,False,,56.13,77.88
Samco Mutual Fund,254808.79,0.0,July - September 2024,April 2024 - March 2025,2024-Q2,0.04,Emerging,13,42.86,12.92,,0.02,0,False,,56.14,77.47
Samco Mutual Fund,275917.81,0.0,October - December 2024,April 2024 - March 2025,2024-Q3,0.04,Emerging,14,38.1,8.28,,0.17,-1,False,,55.88,77.0
Samco Mutual Fund,282467.8,0.0,January - March 2025,April 2024 - March 2025,2024-Q4,0.04,Emerging,14,43.48,2.37,,0.17,0,False,,55.86,76.89
Samco Mutual Fund,292378.45,0.0,April - June 2025,April 2025 - March 2026,2025-Q1,0.04,Emerging,15,39.13,3.51,29.57,-0.14,-1,False,,56.07,76.81
Samco Mutual Fund,296362.11,0.0,July - September 2025,April 2025 - March 2026,2025-Q2,0.04,Emerging,16,40.0,1.36,16.31,-0.21,-1,False,,55.85,76.37
Samco Mutual Fund,274805.95,0.0,October - December 2025,April 2025 - March 2026,2025-Q3,0.03,Emerging,18,39.29,-7.27,-0.4,-0.45,-2,False,,55.85,76.16
Samco Mutual Fund,253210.91,0.0,January - March 2026,April 2025 - March 2026,2025-Q4,0.03,Emerging,20,32.14,-7.86,-10.36,-0.29,-2,False,,56.23,76.31
Samco Mutual Fund,252212.56,0.0,April - June 2026,April 2026 - March 2027,2026-Q1,0.03,Emerging,20,32.14,-0.39,-13.74,-0.07,0,False,,55.91,75.73
Shriram Mutual Fund,59373.14,0.0,April - June 2024,April 2024 - March 2025,2024-Q1,0.01,Emerging,20,9.52,,,,,False,,56.13,77.88
Shriram Mutual Fund,78224.2,0.0,July - September 2024,April 2024 - March 2025,2024-Q2,0.01,Emerging,20,9.52,31.75,,0.17,0,False,,56.14,77.47
Shriram Mutual Fund,93424.1,0.0,October - December 2024,April 2024 - March 2025,2024-Q3,0.01,Emerging,20,9.52,19.43,,0.18,0,False,,55.88,77.0
Shriram Mutual Fund,96936.52,0.0,January - March 2025,April 2024 - March 2025,2024-Q4,0.01,Emerging,20,17.39,3.76,,0.08,0,False,,55.86,76.89
Shriram Mutual Fund,106390.17,0.0,April - June 2025,April 2025 - March 2026,2025-Q1,0.01,Emerging,19,21.74,9.75,79.19,0.04,1,False,,56.07,76.81
Shriram Mutual Fund,103054.22,0.0,July - September 2025,April 2025 - March 2026,2025-Q2,0.01,Emerging,21,20.0,-3.14,31.74,-0.14,-2,False,,55.85,76.37
Shriram Mutual Fund,109035.8,0.0,October - December 2025,April 2025 - March 2026,2025-Q3,0.01,Emerging,22,25.0,5.8,16.71,0.01,-1,False,,55.85,76.16
Shriram Mutual Fund,125548.12,0.0,January - March 2026,April 2025 - March 2026,2025-Q4,0.02,Emerging,23,21.43,15.14,29.52,0.19,-1,False,,56.23,76.31
Shriram Mutual Fund,116083.0,0.0,April - June 2026,April 2026 - March 2027,2026-Q1,0.01,Emerging,23,21.43,-7.54,9.11,-0.14,0,False,,55.91,75.73
Sundaram Mutual Fund,6075137.89,0.0,April - June 2024,April 2024 - March 2025,2024-Q1,1.03,Mid-sized,12,26.67,,,,,False,,56.13,77.88
Sundaram Mutual Fund,6716408.99,0.0,July - September 2024,April 2024 - March 2025,2024-Q2,1.01,Mid-sized,13,20.0,10.56,,-1.61,-1,False,,56.14,77.47
Sundaram Mutual Fund,6869235.73,0.0,October - December 2024,April 2024 - March 2025,2024-Q3,1.0,Mid-sized,13,20.0,2.28,,-1.31,0,False,,55.88,77.0
Sundaram Mutual Fund,6559302.27,0.0,January - March 2025,April 2024 - March 2025,2024-Q4,0.97,Mid-sized,13,20.0,-4.51,,-2.82,0,False,,55.86,76.89
Sundaram Mutual Fund,6942144.63,0.0,April - June 2025,April 2025 - March 2026,2025-Q1,0.96,Mid-sized,13,20.0,5.84,14.27,-1.05,0,False,,56.07,76.81
Sundaram Mutual Fund,7400523.03,0.0,July - September 2025,April 2025 - March 2026,2025-Q2,0.96,Mid-sized,13,20.0,6.6,10.19,-0.3,0,False,,55.85,76.37
Sundaram Mutual Fund,7657040.35,0.0,October - December 2025,April 2025 - March 2026,2025-Q3,0.95,Mid-sized,13,20.0,3.47,11.47,-1.41,0,False,,55.85,76.16
Sundaram Mutual Fund,7488296.71,7113.46,January - March 2026,April 2025 - March 2026,2025-Q4,0.92,Mid-sized,13,20.0,-2.2,14.16,-2.68,0,False,,56.23,76.31
Sundaram Mutual Fund,7692870.63,6674.98,April - June 2026,April 2026 - March 2027,2026-Q1,0.93,Mid-sized,13,20.0,2.73,10.81,0.69,0,False,,55.91,75.73
Tata Mutual Fund,15363427.11,15027.74,April - June 2024,April 2024 - March 2025,2024-Q1,2.61,Mid-sized,3,86.67,,,,,False,,56.13,77.88
Tata Mutual Fund,17779593.87,20286.73,July - September 2024,April 2024 - March 2025,2024-Q2,2.68,Mid-sized,3,86.67,15.73,,7.93,0,False,,56.14,77.47
Tata Mutual Fund,18790519.11,28242.82,October - December 2024,April 2024 - March 2025,2024-Q3,2.74,Mid-sized,3,86.67,5.69,,5.37,0,False,,55.88,77.0
Tata Mutual Fund,18769776.1,36306.58,January - March 2025,April 2024 - March 2025,2024-Q4,2.78,Mid-sized,1,100.0,-0.11,,4.54,2,False,,55.86,76.89
Tata Mutual Fund,19622692.87,56959.14,April - June 2025,April 2025 - March 2026,2025-Q1,2.72,Mid-sized,3,86.67,4.54,27.72,-6.37,-2,False,,56.07,76.81
Tata Mutual Fund,21696075.79,97833.1,July - September 2025,April 2025 - March 2026,2025-Q2,2.81,Mid-sized,1,100.0,10.57,22.03,9.23,2,False,,55.85,76.37
Tata Mutual Fund,22406990.26,164865.25,October - December 2025,April 2025 - March 2026,2025-Q3,2.77,Mid-sized,1,100.0,3.28,19.25,-4.65,0,False,,55.85,76.16
Tata Mutual Fund,22751198.37,270766.03,January - March 2026,April 2025 - March 2026,2025-Q4,2.79,Mid-sized,1,100.0,1.54,21.21,2.42,0,False,,56.23,76.31
Tata Mutual Fund,22853818.25,285012.64,April - June 2026,April 2026 - March 2027,2026-Q1,2.75,Mid-sized,2,93.33,0.45,16.47,-4.15,-1,False,,55.91,75.73
Taurus Mutual Fund,80014.62,0.0,April - June 2024,April 2024 - March 2025,2024-Q1,0.01,Emerging,18,19.05,,,,,False,,56.13,77.88
Taurus Mutual Fund,90995.11,0.0,July - September 2024,April 2024 - March 2025,2024-Q2,0.01,Emerging,19,14.29,13.72,,0.02,-1,False,,56.14,77.47
Taurus Mutual Fund,92032.79,0.0,October - December 2024,April 2024 - March 2025,2024-Q3,0.01,Emerging,21,4.76,1.14,,-0.03,-2,False,,55.88,77.0
Taurus Mutual Fund,87218.19,0.0,January - March 2025,April 2024 - March 2025,2024-Q4,0.01,Emerging,21,13.04,-5.23,,-0.05,0,False,,55.86,76.89
Taurus Mutual Fund,92070.29,0.0,April - June 2025,April 2025 - March 2026,2025-Q1,0.01,Emerging,20,17.39,5.56,15.07,-0.02,1,False,,56.07,76.81
Taurus Mutual Fund,97952.57,0.0,July - September 2025,April 2025 - March 2026,2025-Q2,0.01,Emerging,22,16.0,6.39,7.65,-0.01,-2,False,,55.85,76.37
Taurus Mutual Fund,100852.91,0.0,October - December 2025,April 2025 - March 2026,2025-Q3,0.01,Emerging,23,21.43,2.96,9.58,-0.02,-1,False,,55.85,76.16
Taurus Mutual Fund,97752.66,0.0,January - March 2026,April 2025 - March 2026,2025-Q4,0.01,Emerging,24,17.86,-3.07,12.08,-0.05,-1,False,,56.23,76.31
Taurus Mutual Fund,100916.6,0.0,April - June 2026,April 2026 - March 2027,2026-Q1,0.01,Emerging,24,17.86,3.24,9.61,0.01,0,False,,55.91,75.73
The Wealth Company Mutual Fund,142125.48,0.0,October - December 2025,April 2025 - March 2026,2025-Q3,0.02,Emerging,20,32.14,,,,,False,,55.85,76.16
The Wealth Company Mutual Fund,140372.15,892.98,January - March 2026,April 2025 - March 2026,2025-Q4,0.02,Emerging,22,25.0,-1.23,,-0.03,-2,False,,56.23,76.31
The Wealth Company Mutual Fund,129751.01,1397.15,April - June 2026,April 2026 - March 2027,2026-Q1,0.02,Emerging,22,25.0,-7.57,,-0.16,0,False,,55.91,75.73
Trust Mutual Fund,140141.96,0.0,April - June 2024,April 2024 - March 2025,2024-Q1,0.02,Emerging,16,28.57,,,,,False,,56.13,77.88
Trust Mutual Fund,174620.5,0.0,July - September 2024,April 2024 - March 2025,2024-Q2,0.03,Emerging,16,28.57,24.6,,0.26,0,False,,56.14,77.47
Trust Mutual Fund,214359.26,0.0,October - December 2024,April 2024 - March 2025,2024-Q3,0.03,Emerging,16,28.57,22.76,,0.49,0,False,,55.88,77.0
Trust Mutual Fund,259633.84,0.0,January - March 2025,April 2024 - March 2025,2024-Q4,0.04,Emerging,16,34.78,21.12,,0.73,0,False,,55.86,76.89
Trust Mutual Fund,326331.43,0.0,April - June 2025,April 2025 - March 2026,2025-Q1,0.05,Emerging,14,43.48,25.69,132.86,0.67,2,False,,56.07,76.81
Trust Mutual Fund,379371.64,0.0,July - September 2025,April 2025 - March 2026,2025-Q2,0.05,Emerging,15,44.0,16.25,117.25,0.39,-1,False,,55.85,76.37
Trust Mutual Fund,393398.84,0.0,October - December 2025,April 2025 - March 2026,2025-Q3,0.05,Emerging,15,50.0,3.7,83.52,-0.06,0,False,,55.85,76.16
Trust Mutual Fund,425295.68,0.0,January - March 2026,April 2025 - March 2026,2025-Q4,0.05,Emerging,15,50.0,8.11,63.81,0.36,0,False,,56.23,76.31
Trust Mutual Fund,507493.8,0.0,April - June 2026,April 2026 - March 2027,2026-Q1,0.06,Emerging,17,42.86,19.33,55.51,0.89,-2,False,,55.91,75.73
UTI Mutual Fund,31069693.43,12547.33,April - June 2024,April 2024 - March 2025,2024-Q1,5.27,Large,7,25.0,,,,,False,,56.13,77.88
UTI Mutual Fund,34254853.09,14170.89,July - September 2024,April 2024 - March 2025,2024-Q2,5.17,Large,7,25.0,10.25,,-9.65,0,False,,56.14,77.47
UTI Mutual Fund,35241162.85,18083.63,October - December 2024,April 2024 - March 2025,2024-Q3,5.14,Large,7,25.0,2.88,,-3.67,0,False,,55.88,77.0
UTI Mutual Fund,33974950.61,23339.19,January - March 2025,April 2024 - March 2025,2024-Q4,5.04,Large,7,25.0,-3.59,,-9.68,0,False,,55.86,76.89
UTI Mutual Fund,36086714.73,42736.63,April - June 2025,April 2025 - March 2026,2025-Q1,5.0,Large,7,25.0,6.22,16.15,-3.66,0,False,,56.07,76.81
UTI Mutual Fund,37841328.86,76264.45,July - September 2025,April 2025 - March 2026,2025-Q2,4.91,Large,7,25.0,4.86,10.47,-9.71,0,False,,55.85,76.37
UTI Mutual Fund,39380906.54,124969.61,October - December 2025,April 2025 - March 2026,2025-Q3,4.86,Large,7,25.0,4.07,11.75,-4.41,0,False,,55.85,76.16
UTI Mutual Fund,38846981.42,202503.39,January - March 2026,April 2025 - March 2026,2025-Q4,4.76,Large,7,25.0,-1.36,14.34,-9.71,0,False,,56.23,76.31
UTI Mutual Fund,39269106.58,215651.61,April - June 2026,April 2026 - March 2027,2026-Q1,4.72,Large,7,25.0,1.09,8.82,-4.12,0,False,,55.91,75.73
Unifi Mutual Fund,11025.63,0.0,January - March 2025,April 2024 - March 2025,2024-Q4,0.0,Emerging,22,8.7,,,,,False,,55.86,76.89
Unifi Mutual Fund,71722.15,0.0,April - June 2025,April 2025 - March 2026,2025-Q1,0.01,Emerging,22,8.7,550.5,,0.83,0,False,,56.07,76.81
Unifi Mutual Fund,119582.37,0.0,July - September 2025,April 2025 - March 2026,2025-Q2,0.02,Emerging,20,24.0,66.73,,0.56,2,False,,55.85,76.37
Unifi Mutual Fund,131342.15,0.0,October - December 2025,April 2025 - March 2026,2025-Q3,0.02,Emerging,21,28.57,9.83,,0.07,-1,False,,55.85,76.16
Unifi Mutual Fund,144032.72,0.0,January - March 2026,April 2025 - March 2026,2025-Q4,0.02,Emerging,21,28.57,9.66,1206.34,0.15,0,False,,56.23,76.31
Unifi Mutual Fund,149742.18,0.0,April - June 2026,April 2026 - March 2027,2026-Q1,0.02,Emerging,21,28.57,3.96,108.78,0.03,0,False,,55.91,75.73
Union Mutual Fund,1611145.84,0.0,April - June 2024,April 2024 - March 2025,2024-Q1,0.27,Emerging,3,90.48,,,,,False,,56.13,77.88
Union Mutual Fund,1887486.23,0.0,July - September 2024,April 2024 - March 2025,2024-Q2,0.29,Emerging,3,90.48,17.15,,1.18,0,False,,56.14,77.47
Union Mutual Fund,2014398.92,0.0,October - December 2024,April 2024 - March 2025,2024-Q3,0.29,Emerging,3,90.48,6.72,,0.86,0,False,,55.88,77.0
Union Mutual Fund,1995335.56,1900.72,January - March 2025,April 2024 - March 2025,2024-Q4,0.3,Emerging,4,86.96,-0.95,,0.24,-1,False,,55.86,76.89
Union Mutual Fund,2110053.93,10279.58,April - June 2025,April 2025 - March 2026,2025-Q1,0.29,Emerging,4,86.96,5.75,30.97,-0.34,0,False,,56.07,76.81
Union Mutual Fund,2354823.38,25052.6,July - September 2025,April 2025 - March 2026,2025-Q2,0.31,Emerging,5,84.0,11.6,24.76,1.28,-1,False,,55.85,76.37
Union Mutual Fund,2563560.82,43660.98,October - December 2025,April 2025 - March 2026,2025-Q3,0.32,Emerging,5,85.71,8.86,27.26,1.12,0,False,,55.85,76.16
Union Mutual Fund,2619405.56,43933.19,January - March 2026,April 2025 - March 2026,2025-Q4,0.32,Emerging,5,85.71,2.18,31.28,0.48,0,False,,56.23,76.31
Union Mutual Fund,2809771.82,41538.99,April - June 2026,April 2026 - March 2027,2026-Q1,0.34,Emerging,4,89.29,7.27,33.16,1.67,1,False,,55.91,75.73
WhiteOak Capital Mutual Fund,1068043.51,0.0,April - June 2024,April 2024 - March 2025,2024-Q1,0.18,Emerging,5,80.95,,,,,False,,56.13,77.88
WhiteOak Capital Mutual Fund,1316073.8,0.0,July - September 2024,April 2024 - March 2025,2024-Q2,0.2,Emerging,5,80.95,23.22,,1.76,0,False,,56.14,77.47
WhiteOak Capital Mutual Fund,1532580.63,0.0,October - December 2024,April 2024 - March 2025,2024-Q3,0.22,Emerging,5,80.95,16.45,,2.46,0,False,,55.88,77.0
WhiteOak Capital Mutual Fund,1660710.71,0.0,January - March 2025,April 2024 - March 2025,2024-Q4,0.25,Emerging,5,82.61,8.36,,2.3,0,False,,55.86,76.89
WhiteOak Capital Mutual Fund,2028557.12,0.0,April - June 2025,April 2025 - March 2026,2025-Q1,0.28,Emerging,5,82.61,22.15,89.93,3.49,0,False,,56.07,76.81
WhiteOak Capital Mutual Fund,2494348.22,0.0,July - September 2025,April 2025 - March 2026,2025-Q2,0.32,Emerging,4,88.0,22.96,89.53,4.21,1,False,,55.85,76.37
WhiteOak Capital Mutual Fund,2979827.12,0.0,October - December 2025,April 2025 - March 2026,2025-Q3,0.37,Emerging,3,92.86,19.46,94.43,4.45,1,False,,55.85,76.16
WhiteOak Capital Mutual Fund,3302359.22,0.0,January - March 2026,April 2025 - March 2026,2025-Q4,0.41,Emerging,2,96.43,10.82,98.85,3.72,1,False,,56.23,76.31
WhiteOak Capital Mutual Fund,3739241.58,0.0,April - June 2026,April 2026 - March 2027,2026-Q1,0.45,Emerging,1,100.0,13.23,84.33,4.47,1,False,,55.91,75.73
Zerodha Mutual Fund,157819.92,0.0,April - June 2024,April 2024 - March 2025,2024-Q1,0.03,Emerging,15,33.33,,,,,False,,56.13,77.88
Zerodha Mutual Fund,264297.23,0.0,July - September 2024,April 2024 - March 2025,2024-Q2,0.04,Emerging,12,47.62,67.47,,1.31,3,False,,56.14,77.47
Zerodha Mutual Fund,384028.44,907.73,October - December 2024,April 2024 - March 2025,2024-Q3,0.06,Emerging,12,47.62,45.3,,1.61,0,False,,55.88,77.0
Zerodha Mutual Fund,485454.92,3342.76,January - March 2025,April 2024 - March 2025,2024-Q4,0.07,Emerging,12,52.17,26.41,,1.6,0,False,,55.86,76.89
Zerodha Mutual Fund,629208.99,5714.48,April - June 2025,April 2025 - March 2026,2025-Q1,0.09,Emerging,12,52.17,29.61,298.69,1.52,0,False,,56.07,76.81
Zerodha Mutual Fund,728253.95,13380.85,July - September 2025,April 2025 - March 2026,2025-Q2,0.09,Emerging,12,56.0,15.74,175.54,0.72,0,False,,55.85,76.37
Zerodha Mutual Fund,960616.43,36310.85,October - December 2025,April 2025 - March 2026,2025-Q3,0.12,Emerging,11,64.29,31.91,150.14,2.42,1,False,,55.85,76.16
Zerodha Mutual Fund,1379300.81,65514.08,January - March 2026,April 2025 - March 2026,2025-Q4,0.17,Emerging,8,75.0,43.58,184.13,5.06,3,False,,56.23,76.31
Zerodha Mutual Fund,1537341.98,73059.26,April - June 2026,April 2026 - March 2027,2026-Q1,0.18,Emerging,8,75.0,11.46,144.33,1.57,0,False,,55.91,75.73
quant Mutual Fund,8120437.85,0.0,April - June 2024,April 2024 - March 2025,2024-Q1,1.38,Mid-sized,10,40.0,,,,,False,,56.13,77.88
quant Mutual Fund,9710395.72,0.0,July - September 2024,April 2024 - March 2025,2024-Q2,1.47,Mid-sized,9,46.67,19.58,,8.92,1,False,,56.14,77.47
quant Mutual Fund,9669662.17,0.0,October - December 2024,April 2024 - March 2025,2024-Q3,1.41,Mid-sized,10,40.0,-0.42,,-5.71,-1,False,,55.88,77.0
quant Mutual Fund,8863712.44,0.0,January - March 2025,April 2024 - March 2025,2024-Q4,1.31,Mid-sized,12,26.67,-8.33,,-9.46,-2,False,,55.86,76.89
quant Mutual Fund,9359853.15,0.0,April - June 2025,April 2025 - March 2026,2025-Q1,1.3,Mid-sized,12,26.67,5.6,15.26,-1.71,0,False,,56.07,76.81
quant Mutual Fund,9624054.83,0.0,July - September 2025,April 2025 - March 2026,2025-Q2,1.25,Mid-sized,12,26.67,2.82,-0.89,-4.99,0,False,,55.85,76.37
quant Mutual Fund,9611006.79,0.0,October - December 2025,April 2025 - March 2026,2025-Q3,1.19,Mid-sized,12,26.67,-0.14,-0.61,-6.12,0,False,,55.85,76.16
quant Mutual Fund,8836253.87,0.0,January - March 2026,April 2025 - March 2026,2025-Q4,1.08,Mid-sized,12,26.67,-8.06,-0.31,-10.27,0,False,,56.23,76.31
quant Mutual Fund,9531439.5,0.0,April - June 2026,April 2026 - March 2027,2026-Q1,1.15,Mid-sized,12,26.67,7.87,1.83,6.27,0,False,,55.91,75.73
